17779,mzb
2676,kgj
3538,wry
17258,tvs
20044,zlm
5091,cnk
1398,khy
456,<unk>
1892,bcn
4717,crc
4684,cmn
2099,kgp
3582,nas
3385,mix
2399,ijc
4651,kjc
3796,jav
4255,kdp
6430,mrg
1444,amf
4358,dmo
1975,zat
5007,old
1339,dni
1600,gec
5128,tby
1833,bif
6382,tex
3801,sdo
4939,ysn
4784,cak
543,aup
4574,cmn
2218,viv
948,otr
18110,wli
1381,kmb
2848,was
12961,lif
2907,roh
4836,ywq
3872,kmn
3594,tio
3814,dip
4863,kbd
1896,kna
1604,krw
3219,geb
87,bas
1613,bza
2372,odu
6364,zaf
3785,nus
4026,mpm
8378,bru
1972,zlu
3191,mzv
2248,kul
1056,dav
4299,tue
6340,awa
1180,auq
22374,key
4037,kql
2190,eka
3119,prt
4052,mix
4454,fij
18948,bfb
656,kzi
2923,kyg
13287,mxx
2767,mit
12956,lma
10292,gno
16196,sku
2887,cuv
14197,kkf
3802,xdy
8131,bjg
6354,hnj
265,hnn
3555,guj
3749,bpe
317,chr
12270,kor
2010,jab
19380,cux
208,isd
4896,mae
1539,cod
1383,mdn
2694,new
4392,kdq
9651,esh
8896,ctg
6137,bpn
1403,lik
3347,xvi
4458,fij
76,hch
11460,kay
4472,tnk
1440,gax
9714,ewe
10529,hld
2315,skn
9593,eng
3145,kmq
2690,kyf
4800,kjb
1,amh
12163,kmy
27261,xtj
2254,lar
989,myx
1738,asi
1574,lse
4722,upv
5156,bhw
3148,nhp
5024,akh
3704,piu
3982,bxb
2498,yis
2232,mbl
2572,kku
2662,bka
9244,dwy
1227,wrp
6075,qxs
834,pbu
4315,kdd
1163,bfe
4413,lra
3981,apw
6458,krn
10063,gvo
1953,naq
3045,rmy
700,sas
10462,gru
16611,bun
3568,skr
3040,tau
16185,saj
1005,kjg
3518,yaa
20052,kge
11892,xte
4534,tcd
6267,tik
22907,xdo
1145,<unk>
18975,cdz
6178,lbm
6088,mkg
2696,dyu
94,nkw
1204,tzo
671,btx
717,ilu
14602,nst
1757,kub
4418,sdr
251,arp
15956,raw
5019,kff
763,bdq
719,kei
4154,nag
1475,sjr
2959,mcw
2275,mfn
683,adi
4946,mjg
20023,esg
1451,gaz
9191,dzg
13367,vmk
2162,con
5037,bei
6229,kvm
4367,xsu
2978,zpw
6373,arq
4532,lgq
13730,mrr
3791,xdy
5700,mfv
5097,pwg
1407,bkg
6110,zgb
567,kup
4034,thd
19394,bee
6433,kph
4101,syw
6202,xti
4609,als
790,mtq
3430,aof
1030,mwn
2194,ema
2425,lbf
17595,toq
6298,gbo
6825,bss
21208,qud
469,anx
854,snd
2460,kwl
891,kfe
18009,vah
2361,rwr
21247,mvv
3439,yev
6103,wic
4091,gvr
1426,agh
134,nnb
4444,mqz
2215,klx
884,kfi
4060,jbu
3391,bgn
6214,bqt
4215,<unk>
6344,hin
6204,kwc
65,zaa
14746,nti
3886,lal
12255,ozm
2960,ayi
6071,hni
1112,mwt
6076,yif
1096,gwr
628,bfh
59,snv
27289,kmr
6400,daq
30,jiv
18856,ory
4264,rcf
3115,nev
4612,mgm
1958,mfa
11185,csk
16711,sie
21213,hni
6184,hnj
650,hmr
4494,pma
184,afr
6070,ktp
146,nba
7502,ksf
2493,bjc
1857,lol
4668,aoj
3370,sgh
4656,alp
4074,xuj
4700,nxq
2491,mjs
705,kvw
12025,nes
4730,abt
2967,sjg
21212,zaw
6010,kxb
224,nnc
1288,lun
6480,luz
15777,aix
4835,qxs
393,ged
2296,wed
2845,mxj
624,wsk
6080,nos
1106,ngl
307,shk
3203,byz
4481,mxe
18688,zpk
6209,apc
22796,cfa
4200,ztl
15421,rbb
1091,sbp
12901,nms
1459,ahg
1610,lam
1538,qvn
3023,enb
41,mau
2233,ram
326,pam
12762,lao
4734,nbl
10475,ggg
1146,mrf
2650,ncg
791,cma
9348,dos
1175,mwv
736,kpm
770,nmf
5053,xem
10328,gry
1223,nbn
2708,scp
3739,avt
1945,kwn
15879,quh
1104,ibl
385,bcf
6413,ato
3946,srp
3643,mrm
2260,hau
4430,syk
8,nhw
1597,mdd
4781,ixl
1391,loq
158,esu
4851,fuh
3116,nev
2415,plu
506,zik
3136,mdy
879,tcx
3956,hin
6054,ium
4698,hni
12133,ekl
12227,gom
1631,btg
12623,kwe
1646,zim
11915,kif
6402,kru
1452,stv
1166,<unk>
708,xmz
587,svb
955,hbn
639,dby
2974,hed
4517,lgm
272,<unk>
1504,dem
2695,ths
4124,kyo
252,mke
2834,bui
4377,brx
2475,xrb
9858,frd
16763,srx
3973,mks
3491,cku
16205,slr
6244,hmd
14827,npi
2061,bga
2300,ayu
524,adz
6162,yig
2046,gby
4759,bom
5146,cfm
7137,apc
4326,zty
12788,lur
2318,agy
13533,mup
4806,yiz
2935,daa
961,bxk
3894,wbq
2740,zpu
3287,crn
2228,fun
2597,anv
4523,ibd
4631,jav
19073,itt
13006,lis
140,bem
2657,jen
24156,ewe
4837,cmn
6233,yam
1250,tdv
4240,bvz
71,tgl
6127,mww
2430,bfz
2086,afo
4195,gdb
940,ach
1834,naj
3432,eit
2413,urb
1642,lme
3322,kbh
367,irn
311,tts
15140,nuf
17993,uzn
18754,bgp
2787,vif
5182,cek
2712,cdh
4907,tku
1682,skt
1675,tca
4237,saw
8023,bet
22737,mki
16608,scv
6006,eot
3243,cax
1982,taz
358,wgi
4882,sgb
3132,guk
2097,yue
27312,mig
20183,blo
4589,lgg
2991,gut
1959,shj
6285,pha
3241,duc
1904,gug
1783,mfl
178,nno
20145,lhi
2584,ldo
2106,alf
12960,lif
1563,skt
2652,mbo
4493,pih
6104,huh
2120,myw
569,bzf
2928,xed
1303,slz
3723,dhg
710,lbw
983,nym
2196,iqw
4296,mva
7618,bqo
4219,bgw
5158,kps
2565,cky
3610,bgt
4708,erk
6030,wlc
18654,yuq
2438,kpr
1298,niy
5047,zlm
6372,crv
6269,yam
3165,cra
477,mbf
2576,ruz
2459,tyy
17872,kcg
263,tsg
4699,bfs
5110,bgr
1964,jer
2985,kvn
6052,ium
4087,alq
2110,usp
3004,snc
15324,ory
2033,kdm
2569,grh
4950,zac
3991,txt
6287,mor
4503,biv
2553,myk
662,ayo
2047,gel
2483,sur
3374,kir
1240,ssy
4415,jmx
1968,pze
2833,mdw
13428,msi
4330,tnc
4318,tuc
1115,kdj
2476,gna
84,qug
1973,xtc
2011,bxh
22332,bee
2259,hag
461,kbq
987,ruf
20815,gol
11753,kge
5120,trd
1129,csy
4014,aki
2156,kqe
3143,zwa
874,pst
2903,mfj
2526,gkp
5052,xdy
6043,mim
2501,hkk
9349,dos
15602,peg
4183,ctu
22447,maa
709,sxn
13627,mku
590,yan
3146,noz
2347,soq
3127,ahk
3928,zik
6018,adq
2385,ibo
1871,mbu
2433,kqs
4687,kvo
2128,kmi
11202,ktz
584,bzf
4113,awu
3774,sei
450,spm
6352,quh
1092,ziw
1658,dbn
4611,mwv
4176,msy
2514,gbm
1242,agg
1326,mxn
1094,mwe
12186,koi
4550,anv
11763,kei
17296,kps
1800,ktv
1867,ldl
2036,cdr
2663,mzm
23902,lcp
13061,lom
194,crk
1920,cfa
2504,aom
1209,msm
22364,lbf
9517,ega
4163,thl
4166,kix
2855,lin
5142,tvn
1684,ito
448,acr
21147,nst
2801,fon
1636,mcn
2522,npi
2642,nge
1322,keo
6249,nuf
3761,grx
10337,gbo
22854,bgq
1760,utr
762,nut
1392,lie
4159,gvr
3129,har
4024,cak
3640,alu
4139,ulu
2078,tsw
4476,sns
6680,adi
779,dln
18782,gas
3367,pdc
245,yup
1133,ril
3181,pbg
896,mjt
1864,lmd
5026,kyg
2331,kff
6396,kwc
9751,fal
959,nus
8897,rhg
19166,nhz
12058,kqs
5009,dgi
3784,kib
3467,acf
5117,dsh
3800,npy
3574,ntp
2863,vif
3728,wro
1879,bqj
7334,att
4453,fij
4827,smu
3061,xom
15201,nys
4706,etn
4802,gdx
4635,mqg
4291,kri
3519,gae
4685,ptu
1836,msw
2631,mgo
2836,sng
6485,nxq
1313,kgr
6255,adx
2796,aaw
6445,lbm
23028,mng
8780,cnk
1443,kbr
13017,lrk
20039,khb
248,mni
3030,nap
2390,iso
3081,dnn
3011,ntr
3280,abt
1128,pkb
3556,gjk
3420,moh
4160,jml
4314,wrm
2019,oyb
6289,jqr
3935,xla
2037,lan
4170,lbr
6765,thm
1978,lro
691,snd
1778,fli
1946,mhw
2017,nuo
1687,brg
9351,dos
2377,abn
3685,djn
1949,her
2616,pny
612,yle
814,lbx
2849,maf
20040,mww
4953,cae
11911,klr
4039,gbe
4435,nbv
2246,bec
202,hil
22845,dao
295,ukr
6113,buh
3735,vav
6000,ble
2709,ted
3497,gbl
868,nsm
756,gbm
20056,lpo
13442,zlm
1788,wja
5179,zyp
4559,ort
2710,bht
3074,kxv
3126,lwl
5043,nij
6116,lic
4587,lea
160,ike
16951,suz
2280,ige
1998,tay
3799,pdo
20880,mau
1177,sob
2859,dma
12566,xkz
4227,lam
1406,hol
429,bzh
4284,kzs
22338,khg
2910,bax
4898,bhb
18823,kru
1849,pbp
3910,knn
20024,bud
1439,bji
19399,mfb
14743,ntm
3071,iru
6322,jni
2852,mfk
3233,iws
793,jeh
745,tuv
1903,spn
2495,nou
9663,eto
1041,tog
6203,zab
3985,mgd
2359,tkq
3387,nst
1743,sym
712,blz
561,awi
2268,sil
17337,tel
6171,lus
885,kgk
2290,mlf
16416,sey
1952,ndo
11956,lyg
802,bns
8459,byp
11279,kej
4005,quy
4648,urt
3010,afu
3580,hah
6046,giw
22509,bod
22292,sbl
1321,bno
11830,xkl
3044,deu
1371,fuu
4816,cco
4061,kpk
3636,lvk
3326,psi
18530,ets
3405,bac
4566,aso
4825,tbz
898,pcg
2760,zts
4982,fap
3177,mbp
4834,qxq
1108,tuy
410,heb
6247,zyg
4558,spa
3295,ycn
4818,ctp
3536,wbr
4795,lic
2171,mox
490,pww
11277,xkk
3999,brl
20107,new
1065,rwk
2419,yrb
17614,toc
17214,txn
215,klu
10531,hlb
20057,cmn
4726,ajg
3245,gvo
3329,kas
1771,bdm
1028,gow
17737,bhq
1617,tsv
715,end
2277,yba
4065,lyn
3967,kla
6126,xtd
2594,lns
2707,mcq
3284,apy
599,kxn
14202,tsj
2521,gvr
1396,khy
26,hin
3957,skr
8592,bee
2095,cac
571,kys
706,klz
13346,mcp
6358,cbj
2139,ala
3381,uig
16379,mjt
5169,eky
3510,dho
3876,aun
3266,cnt
6428,npi
6111,bzi
4469,fuy
3413,frc
1710,sss
1435,ktb
3972,mtu
1020,sss
1187,pdn
5067,mwq
4988,ver
12326,kff
5140,sez
4027,cak
6278,cmn
10890,inj
2397,nkx
1069,jmc
3358,acq
968,mas
2731,mil
6399,zac
1505,uhn
3333,crw
2224,abm
6353,quh
4623,mad
2911,poe
376,iwm
4360,anv
2557,dbv
1388,pof
13531,mup
4082,tcy
3859,nmh
20096,<unk>
6371,bra
3384,ifb
4229,bfg
1840,ilb
746,hne
1314,sob
15843,qxu
1547,bni
1039,tum
2316,skn
635,kpx
4903,plc
4202,jul
2457,tdl
4254,bqw
3168,mng
18951,bgg
1585,acu
1120,nyo
2092,tdy
2451,bor
1746,bib
15712,pkb
6215,bbq
6216,bby
9393,doy
13,yue
22717,olu
5154,kvr
20132,seh
10035,gbm
2754,knk
20028,gbm
4072,muv
328,yuf
4398,ngn
472,pkg
1260,mnu
259,tbk
16750,sgp
316,glr
11400,kyb
3589,tio
3617,far
601,wmo
6300,gxx
15898,qvj
1792,fuv
10499,gwn
3746,sry
1852,bcz
766,sti
20064,adi
2442,<unk>
3839,nng
2188,lwl
2738,tzo
6024,tfi
6108,zgb
3158,alw
5027,mrh
670,bbc
3332,kas
2919,trc
4544,kcg
1722,szp
2466,bux
9424,dub
2811,kst
20098,ptu
462,ino
22340,khg
3874,xrw
2343,pav
3048,bhl
2768,zam
4691,osi
1247,irx
368,wiu
6384,jab
21793,zkd
21238,ngc
191,dak
4969,cak
16,clo
1393,nbm
476,med
3591,sps
222,lgg
2593,crx
4989,zbu
419,tbc
15313,ors
3716,tiw
894,bhb
4828,<unk>
6149,cib
3943,cnl
1793,thz
1899,ceg
4311,mwf
1813,tth
20035,mww
1832,shg
17579,Zambia
1898,tmf
61,urd
2579,jib
1099,ksb
3135,zoh
4743,ppl
4767,moi
768,phr
4769,bvw
3155,cbg
88,lin
238,ksw
361,rnd
1931,cua
9303,dik
2395,ijn
5151,swp
20037,khb
17995,vaf
4395,xes
2544,pcn
11757,kaz
292,khk
12461,kfy
1518,lel
1105,nyy
2766,mql
4100,ghe
2920,mse
1993,pwn
3819,nwm
1713,dag
4537,mpc
2817,smw
813,lnd
1103,<unk>
2467,cky
2104,ctu
4079,lmn
3291,mot
3153,mip
563,idi
1155,kdi
13040,lok
4010,dad
1049,nim
15159,nyk
2334,way
2132,akf
4992,gyz
2914,zpn
2588,pym
5060,nij
6386,otq
2925,kmu
183,pao
4826,cly
2844,mhu
298,dnj
4049,mjv
2794,khl
3826,sbx
1558,sab
4016,kje
3041,nyf
6192,nos
2436,aai
3195,cbc
1805,brb
244,sot
13183,lri
5141,czt
3599,lgr
1109,yao
18506,yva
3230,rab
4189,zrg
168,kng
3974,mxa
9448,duh
4804,zpx
3307,xvi
8368,bre
3232,nre
3112,skb
13791,rwr
1727,szp
2345,aui
1567,yom
17461,mnl
2149,nab
4981,zyg
9138,gbz
13213,ymm
2646,bfd
3586,nco
10990,ita
6408,mvg
3464,djk
3114,brb
4321,ygr
878,kos
2477,jbm
3037,kal
3757,sug
322,npi
2470,cla
2775,tzh
16305,ssi
3878,yyu
15890,qux
1077,ntk
4977,yig
8340,bly
6019,kef
3247,leq
3309,uzs
4760,agd
4031,kbx
3600,aia
11751,kyv
3983,bot
1349,kbo
20562,pbb
4125,lmy
1167,sou
2066,lop
18448,yaa
213,oma
6412,ael
2294,tbo
3408,git
4879,hoc
6345,thl
23908,ajg
2776,cob
3189,hut
20097,bvu
401,csh
6401,caq
2803,nmz
20047,blo
3261,ben
1630,bev
1665,mbc
3450,kxm
2607,ken
19226,pwr
4047,kev
19028,gbh
2058,bqc
3007,nst
1190,swr
4552,apc
12178,tyn
8758,cnb
12277,kfq
3209,nii
9250,dio
12,cak
4019,eng
686,der
15876,qxp
6302,gur
2418,gaj
849,prs
2691,lor
2234,kui
399,mnw
4629,dun
460,kbx
6153,tja
418,sgz
2102,nin
11858,xky
2018,tdf
4712,psw
6218,bxs
2348,dgg
4966,yhd
4077,pcg
3140,amf
544,kvg
4512,fra
2818,chf
693,wew
4677,nhy
1669,vum
2471,cla
1606,kqo
21120,xkl
3756,bbf
2580,mcu
6270,ost
4423,ksm
3639,mln
5164,blb
3652,nfl
2330,srm
1751,amb
4510,uzn
5095,knx
22140,pht
20171,nst
237,ood
235,ciw
3825,sre
4576,tgp
5173,kvl
2741,zpa
1237,byn
228,pib
2172,bdd
2963,byc
633,ncm
1890,bcy
1045,kde
1207,mdb
2509,bde
4381,hus
4336,tpe
4871,scg
21792,thq
5081,xdy
2439,ctu
6327,piy
4768,ogo
1874,ifa
66,zai
17083,tgk
1685,swj
4471,llp
2533,bom
474,tof
4791,sor
2401,oke
3737,khr
540,aup
3562,khw
10636,hnd
17874,kcg
2945,yay
4001,ktz
4406,gur
23813,anl
3281,yde
4724,neq
910,nfu
3898,myh
15425,pln
6175,kaa
1989,ami
2262,xon
3481,tod
740,kru
221,trs
2499,bjz
6389,tpx
3921,shs
2422,srx
6414,cnq
2819,chf
4803,gas
195,mya
2913,ots
15046,icr
3740,vam
3005,nac
167,otm
6084,blr
3700,gyd
2059,png
15473,pan
3473,quc
380,tpi
1285,kin
4319,roo
4713,nmb
698,ban
16657,scu
4686,bfg
3433,siu
4793,sfm
1951,kua
4272,rav
586,<unk>
2154,chj
3940,ppt
1897,enx
828,bpz
3192,bjh
3727,wdj
5065,sdq
2468,awn
3285,nux
6141,yiu
4136,xkl
1256,mej
1082,nij
3550,<unk>
4755,wom
1618,cof
3130,mig
3563,plk
3292,miz
15006,tgj
923,mgd
7188,arr
3558,kxp
1938,uly
4393,orc
12718,las
4116,mhs
1545,lue
2465,fie
3094,uri
4878,sck
16435,mui
4725,ahl
3054,tei
3431,bhf
2098,acr
2253,ada
5070,pse
11208,kfo
9717,ewo
2327,mbs
2308,kne
5109,dww
230,shh
4142,pil
2455,tzh
831,kod
1773,yor
532,knv
995,zaj
2147,bks
74,mmz
2723,pos
323,yuz
3258,can
22352,sdq
18361,nmn
838,gnb
4608,bel
8014,bew
4098,dre
21241,mxb
1809,lbo
1483,mmx
4854,lic
4246,skd
2497,gcn
7778,bfb
2160,ifa
15065,bud
17437,thq
1210,kjr
5178,tcp
2605,bwt
53,swe
321,ikt
4193,gaq
13996,mct
1736,oni
6197,mcu
2143,gmz
5172,pdu
2297,dww
6844,kpo
4041,sny
13273,mag
10320,goj
4838,lez
4832,pcc
7780,bgd
3515,knt
2458,kwl
6332,lic
1795,ood
6193,nos
6450,gnd
6039,cmn
14835,new
347,lee
4876,xem
6181,nnp
4287,tru
2608,bbi
3890,brx
4180,lzz
1124,tha
3914,kfb
4056,imo
3277,mkc
3917,apj
3948,cte
2375,ekp
2070,lan
4735,bkr
4809,wud
3468,noa
6410,duv
4932,mai
897,ral
6478,brx
4022,itz
110,tso
1126,kvl
20069,mgp
3804,ppk
4141,soy
4126,mkz
6380,dik
4151,vah
6495,mcn
10376,gui
908,bfq
13553,mqx
16824,soa
4682,kma
2854,pmm
227,lbk
1657,bpp
6085,smh
229,nez
296,laa
379,hmo
2507,tdk
6057,ium
3398,sgh
1244,kwt
6242,mww
3797,iba
125,tli
4462,erg
18234,wau
6002,swb
15546,pbt
9084,dka
1063,guz
1770,dgh
2601,bss
3517,ywn
4796,quc
4603,ssw
15481,pnc
1720,kps
9144,drd
1161,auq
2617,ngj
4520,iba
1772,mfi
6273,weh
3471,quc
26177,kbp
3172,stt
19393,bfz
2916,zae
21160,<unk>
14872,gng
1732,zrs
9188,dax
17227,tov
3110,pan
2064,uss
797,rah
2701,plr
13320,mai
4567,bhw
2614,bdu
17264,tbp
11447,kci
12713,lla
3147,coz
1164,pdu
2625,bfm
3705,gup
11064,jdg
5049,knl
1276,doo
4886,ayb
2320,gvp
7335,atp
16480,smy
4348,ken
402,bbu
953,bfa
1759,ich
4833,lip
1625,set
4403,hak
2339,car
6275,hsn
1169,kac
7117,avl
3514,knm
6097,ium
291,nzb
1027,xnz
5001,wut
3034,gax
3418,pdt
13005,lis
1889,ldp
4312,pjt
16746,snd
2508,khg
1872,nja
6793,aio
1997,nan
21121,xkl
2643,lnu
778,mev
2426,lae
4051,mza
4496,mps
5114,ino
6013,fuh
1549,lol
5547,kpa
2871,cut
992,tny
5051,djo
3572,gjk
4518,enq
29,ita
6497,ajg
886,nbi
306,ame
4723,caf
3920,cya
711,sda
3764,niz
1500,ngb
2715,pgg
6442,apc
144,mlq
951,did
3472,tac
4773,pfe
3211,mcd
3351,oru
4058,gim
3022,bxk
880,bho
522,snc
157,njo
757,vie
22356,xdy
190,ake
941,muh
6005,nhb
4521,iba
8593,mkk
4048,iru
6467,qvo
2109,bin
4117,kzf
15869,qul
2912,pbi
2905,fuv
271,clu
8389,bub
3783,eng
4528,suj
2031,sha
9210,deh
900,cdf
2414,shb
4963,bvm
2398,okr
552,snc
6282,ium
4970,kan
498,sst
392,agu
6026,adq
1189,<unk>
2057,igb
13388,xmv
1043,hts
4257,abo
22507,bjn
609,mgu
22521,kmr
20650,srr
188,gaz
4893,cll
2192,etu
3840,tro
2353,<unk>
2633,mfd
4577,tls
3625,bxa
4095,npi
2153,pio
4616,nlc
499,iar
19501,<unk>
1508,dnw
5089,xdy
3770,xmh
4461,wyy
1844,shq
8437,bhh
1159,mhx
8322,gax
2898,dkx
1389,zms
1607,cce
16581,srz
12714,lla
338,kan
526,tmy
3334,psi
3440,mic
16006,rml
373,waw
550,ksj
3560,kls
2396,ijs
13392,bhr
4924,ndy
15505,pch
12715,lax
2909,gsw
2546,gwa
13082,loy
12717,las
3105,bfz
6452,gbo
500,tbo
1131,nst
3320,bqi
3465,hat
13987,men
19274,tkx
6222,mvf
275,kqe
5021,mdb
4504,bis
1469,nal
4015,bwm
37,cmn
4526,aha
3323,sja
1346,muh
22666,atb
1856,bli
626,rwo
2525,taj
4248,acv
1609,kqn
3577,bfy
4841,dnn
6395,xkg
18612,yor
2394,iby
4448,yor
16941,ssk
2256,bud
11267,kcx
1437,gru
6183,nfu
1134,msl
3386,bod
5174,swp
3676,gri
4411,uar
6065,mml
6207,isu
2732,zad
1427,mdj
21134,<unk>
4739,mag
1702,pbo
3711,nuy
2568,cbo
18190,wbf
775,bjn
4860,arg
6434,mim
64,yum
422,kue
4064,mii
3924,kmj
2948,udl
1850,kcj
4514,gaj
680,vie
4586,zmb
2858,mdt
353,esi
2779,keu
1138,kvb
682,apt
3789,kwk
5180,lsi
4843,mos
3870,aww
2276,ekr
957,lot
4369,hak
266,iri
4967,lad
2975,kvi
867,hno
602,dof
4333,bgr
1215,prm
3534,skg
19468,csh
3776,ong
9310,gdl
282,klg
4137,xkl
18676,zro
6219,bfd
16162,sdr
15878,quh
10341,grj
19347,yiq
1655,mxn
744,lra
3336,bsh
3002,eus
6140,<unk>
3235,nud
3274,mek
20017,kor
16872,sqq
2165,gar
2328,tbk
5056,sbx
6794,ahp
20810,gbo
11519,kdp
7551,bdl
2142,mgi
6293,lig
2620,eng
205,pap
69,zun
1090,mgh
1068,hau
6198,knp
4184,kan
3569,emb
2312,atd
3647,mlv
6032,lic
2490,yer
2125,ego
18237,wow
3832,peb
6068,hni
4249,chw
1340,lcc
2302,btt
2906,roh
4097,cdm
1132,<unk>
4307,rar
4294,kjs
309,yog
2567,bma
4701,rus
9729,ewo
3185,not
1913,xtc
1560,nto
4690,mqj
11959,xkf
969,mas
11616,kvq
1301,ngl
958,dks
4822,ztq
1007,por
2545,rsw
2410,adi
4108,mui
3403,rmn
4099,dty
994,brb
4191,ory
21125,xky
3754,amn
438,ian
2520,wbr
7921,bby
690,bod
4013,anj
6329,pbl
1649,tlq
1111,raw
1620,blh
337,dan
6168,hmg
19463,zpo
16190,sjl
5152,swp
135,swh
1481,mxm
4083,tel
207,lch
176,miq
11181,dyo
6341,adi
1728,kzm
14836,new
614,swp
189,wti
3758,dnd
1939,dot
386,bcf
888,njn
13628,msc
1436,yae
18816,khn
2446,tnl
9037,cua
19,hat
4187,uki
2516,aeb
13849,mgw
1838,kck
3911,bhx
1165,<unk>
14759,nlu
1947,knw
3415,kfc
1088,ndh
19391,kix
4774,orh
2437,kpr
97,quh
1415,bja
4638,kzi
3008,nst
12507,kup
9942,fuc
1797,ndc
3173,sro
4683,rao
4325,twr
1902,aqt
1338,hav
21131,bvu
665,scl
2242,kfq
255,cuk
1703,bjg
2976,sok
3578,mar
2753,cko
340,hak
1937,tul
1300,scs
811,pmf
1051,nyy
1855,ccj
3237,<unk>
848,mjx
6081,yiu
4605,nya
10574,bgc
3812,abz
4036,kpw
2207,opa
645,bbr
4449,ths
387,chy
7645,ptu
3658,mnv
22368,iii
4428,glw
1487,blq
3362,phr
5074,gor
618,sat
2821,hvv
4179,ltz
1799,irr
182,adx
1907,mgf
3934,bco
92,tel
2559,pil
2987,bbb
20476,swo
22893,gng
2782,mlq
3936,kxw
3456,apm
18655,yuz
1602,oub
4329,ass
2540,klk
4208,kle
24,deu
247,kio
2592,bea
4662,afz
1122,raw
10,bam
2952,nbb
1118,kpz
4751,ngw
3485,thp
1963,kai
3980,pcl
2267,saf
13470,mal
761,pan
950,wti
3200,eng
342,sid
1984,sbl
2700,sev
2873,kjq
196,haw
8183,bib
14124,vmm
3566,guj
19335,wtm
6167,hmw
3547,nlj
974,zin
2380,env
980,poy
4119,ddg
3970,mxb
3922,kfr
4812,bho
1554,ebo
11863,xky
666,gju
6047,jio
2667,gea
234,cbr
1812,alk
2060,nbh
12259,kqy
2440,zos
3104,kot
4788,ayg
16836,snk
4945,miu
2405,mnw
5125,<unk>
6044,ngu
10932,ass
510,lle
3169,stt
2488,mtl
6305,nhb
2180,dva
2176,<unk>
1061,lai
3052,tif
777,krw
4849,hmb
1884,csk
2988,kqc
18224,wat
3157,bmr
3950,azg
11466,ktb
3626,ksg
1909,kcd
22630,guk
3899,dks
3838,brx
3229,bap
8710,shy
23994,say
5087,sdq
22139,pht
2929,kvj
3603,bvc
2517,mrd
2763,gej
5072,byd
1325,log
2039,bzw
14632,naz
4500,tah
6023,xwl
2668,ikk
5011,mro
4186,kru
3862,chl
463,<unk>
11132,jeh
6415,tef
3616,mte
6034,zyj
6159,<unk>
124,hdn
2402,sea
2041,mlf
537,aey
2386,ogg
6462,awa
1282,bhy
6131,zzj
2201,ofu
2511,bau
1488,gim
789,sed
18551,yet
2648,clc
4045,aaf
6333,cov
2561,bma
1465,bjk
3344,prc
6266,ncr
4839,dos
1986,<unk>
172,ben
2449,pym
11962,kwx
755,ria
3069,kea
6011,sef
15792,pmj
1515,cns
3949,zpm
1900,mca
21209,yiz
2595,bdu
877,pon
2924,usa
17439,oyb
2030,mkf
3027,slv
2055,bvh
829,mqn
2307,gad
16839,snk
5068,mkz
2680,tzo
4501,arb
2443,tzo
1055,gog
4680,grt
13117,lui
2379,coj
4707,llp
610,hul
1733,xod
2815,ica
2541,fir
3080,dnn
3175,src
1217,flr
3375,mnj
446,gaw
2209,une
4477,pma
343,igb
20176,ewe
3834,kyh
3286,ape
3811,nxg
4642,byd
4253,geg
1194,cjm
12610,kvi
1369,bja
3248,niw
2009,ldb
5706,kty
4351,krs
4421,khz
952,shw
4980,zgb
5092,cnk
13361,vmw
3587,<unk>
16893,sbu
75,kam
6251,swi
10291,gno
6093,hea
4555,sil
684,njz
2250,nbr
2647,bcr
13786,mhx
6017,wan
132,mal
11914,kjl
14826,npi
2035,cdr
3509,kex
5121,mte
13104,ldq
12805,lbx
17151,tbz
15963,atu
20450,pwb
3461,bha
1551,nlo
4522,jav
17994,vaa
4598,nco
3888,<unk>
6268,njj
10068,gwd
658,oro
3525,kfv
2094,dje
1397,pof
11977,xkc
4740,iru
4786,aks
8352,boz
3321,bgn
60,tzo
8669,tye
6315,mcd
4511,ckt
4692,btd
1268,zmb
2702,sef
22438,rmn
713,kam
3742,ksi
1233,yuj
6346,bho
4592,wof
625,ksd
1001,mej
3062,hlb
738,loe
2225,atg
36,mam
3546,rei
2292,ykk
1317,mdk
4086,urd
1463,ksd
4224,mar
1186,mgk
6125,kru
2313,azt
3024,oki
2951,kbl
7328,aoz
7127,ary
4379,myp
6079,yiu
1171,kht
6087,<unk>
14165,mxd
192,ivb
3857,tfr
6362,xdy
1546,yns
2968,tkt
2140,aab
3803,iba
2981,nds
1320,bno
4770,ttc
3553,sbn
6351,nat
6117,ium
6296,pce
1999,tsu
1176,atb
6195,kid
3880,ywa
1915,ldj
2831,wdd
11,bum
70,ilo
915,bdi
792,tou
2718,ald
1480,ncf
5123,zeh
654,alu
4889,nyb
13315,mai
882,phr
1575,kmt
273,mbt
5705,kmw
8241,bus
864,mah
4971,nnu
606,aez
873,scl
2619,wes
850,pbu
6446,ben
1762,kpk
1807,lbo
2054,mzm
2195,bkm
4090,sac
10336,gbo
4560,ort
917,mhi
4964,mtk
4595,pex
1102,raw
4281,zpq
3138,gbv
9437,dus
2900,dme
3042,shi
4866,sce
297,tld
154,lia
6337,zzj
14283,xmz
2023,oyb
278,ruk
3480,dts
4376,vay
4738,oss
2492,yrl
7256,arx
6038,mlm
11194,jrt
4478,rai
12297,kfp
102,spy
6120,ium
4344,ppi
9715,ewo
4104,thr
2602,ybb
11978,kmz
108,lis
12198,kxc
3305,kmr
2434,aai
6145,sgh
6254,yiu
3250,owi
1691,ign
15721,nzr
3551,bgp
653,mib
542,jac
6049,ium
503,bhg
15962,rat
4729,bov
1501,moj
4750,bun
3015,kby
7245,hye
1411,gbg
4696,div
2448,muh
6406,xtl
1962,kaj
3122,mji
3214,brq
20042,ben
6,nhg
6056,yig
21157,nij
1540,ore
21129,wms
2469,cla
4564,tsb
1477,kqw
420,sst
5030,sat
6363,sda
6173,sch
2686,ebr
2269,sil
11728,xkn
1520,dnw
4,arn
4004,trq
2044,dio
12139,kvv
4288,nnz
3194,bao
2807,mxl
6319,gna
10297,esg
2654,bbt
2660,gua
1434,hdy
174,tam
2840,usi
2249,nfd
1908,bpv
15202,nyu
3046,kno
2130,gwn
3399,crh
1804,ngt
4366,kwa
3939,onn
1196,<unk>
13958,mef
4621,lbx
4582,fuv
4814,ort
4035,etr
17469,tcn
6317,sif
4674,zpz
2050,lnu
8573,dox
11686,bsh
3554,gju
676,jav
4417,pkh
3205,xal
27338,tuo
13871,mmc
21421,xmz
1929,ktv
858,ccp
2679,nzi
3635,lgl
14742,ntm
403,men
1921,dbm
6200,mim
6134,zyn
3540,trp
2340,amo
5,hyw
4873,byd
3160,eus
8515,blf
3453,uki
2221,yml
3526,txo
68,zoc
4650,cia
4107,smq
3176,jeh
303,brf
2675,mtb
6425,npi
2,vie
1583,qxl
3844,blm
5119,arv
4431,kvj
58,tzh
3394,prs
863,skr
5131,awn
1330,luc
4840,nti
57,tos
3665,sbb
3331,wbk
4308,jig
16230,sse
1220,buf
3317,psh
4245,thq
1208,wsa
1010,tth
1229,kcv
962,nuj
1948,ktz
1557,gym
2265,las
4223,mar
2666,jmb
6456,gbo
89,bbp
620,dge
1712,ble
3717,ung
10606,haz
11988,kfm
3446,slc
999,lao
1366,liz
6280,ium
1985,xsb
2291,gdn
784,kqo
3851,saz
2431,ubr
9522,etu
16342,nab
103,kor
1462,guu
3184,kbj
3360,ayn
956,mqu
1673,rey
4053,poc
3001,nko
6069,byo
4607,avn
1794,ttq
1474,pek
1335,lgg
5038,sdq
2496,say
1765,bba
2370,efi
18985,cnc
3118,prt
10768,ibg
6391,tpx
11890,xte
19469,xkl
6308,ica
3341,bsh
19053,hoa
4033,wrk
496,<unk>
6321,ktc
1634,dnj
3276,mbx
4645,zlm
1629,shu
591,nbu
4122,jav
2068,kof
2735,mip
889,chq
2812,ngs
16964,suy
20006,mfv
2177,dob
3068,rkm
14196,cvg
3539,wbr
3070,bmq
6211,emn
689,sun
1853,eja
4862,xty
1147,khb
22593,kmk
3014,gur
1785,mfm
8950,cdj
2038,sho
2452,zpy
3032,kal
14713,cox
1417,lol
2357,gkn
4162,thl
10026,gbm
699,bhz
1827,alk
6169,nst
1059,nih
4640,mtd
9157,dta
3720,jao
4539,lev
15036,lem
6955,adx
3869,lot
22396,kml
8443,buz
7471,bqx
743,byd
824,kei
12093,kcs
13542,mgm
3835,blc
8618,rmq
25,eng
4222,kfr
4581,tnp
5045,zlm
3079,nzi
1085,old
1831,nde
4895,mfq
4669,lpo
3303,lrc
4679,nlv
2547,ruk
3768,kuy
1273,wad
1859,kcr
15867,qul
3096,ktb
2953,akd
2992,ksj
7896,bda
6316,pah
10289,gno
483,emp
4959,ava
4362,tvu
525,yon
2245,bzz
1651,yad
2814,kpo
4364,bzz
9367,dbi
2075,kdl
13340,mjz
4157,cay
8694,ceg
15997,rmn
4475,lpa
13288,mxx
22371,cmn
383,lnd
4912,kqp
1261,dei
4078,kfa
1521,kgq
4583,bip
16427,seg
2917,too
4508,eve
3072,any
4062,jub
4400,bmv
7142,ayp
2364,mav
4909,kwv
13187,lwg
1837,snk
3512,mls
6105,quh
1932,pac
11891,xte
1781,yun
860,kmm
2073,dri
11523,kft
17873,kcg
3926,stk
27519,ilo
5099,bwd
6004,dzg
2506,sur
14282,mzq
1532,hum
4951,snf
4365,tba
1887,ccg
1891,agt
27262,mco
6482,cmn
1845,sby
3259,ctg
2494,ghs
2450,<unk>
559,mpx
4153,nkh
946,kib
2184,bdd
2040,kjg
20386,eyo
6112,hmd
11803,kyq
19395,aln
2453,zaw
4979,zyn
6146,wem
2538,khq
27247,zar
20022,<unk>
17487,tig
6151,gec
12288,khe
5159,wno
4274,ygw
3212,hne
18583,yin
3318,tuk
833,biu
18679,zte
2623,lmp
7270,cjo
3183,khu
5064,akg
18434,yal
4704,sdr
1293,les
161,toj
1863,kcg
4028,cak
8890,cax
2220,viv
2376,ibb
27006,tar
1737,jbj
3059,bjr
19390,raw
2230,txu
4527,gur
2441,kfs
4506,bvr
2366,ogb
4705,upv
1200,amk
4568,vie
2266,mzw
9951,fuf
2770,Cameroon
4331,the
1587,qvi
2739,tzo
692,tlb
4234,bdb
737,kje
3634,lml
2322,xra
2432,lac
22515,clj
4009,age
2239,kez
19235,xtt
1686,gyr
19372,por
3278,tqo
27268,xtl
4147,adi
12121,trp
4622,heg
9752,fli
2598,bdu
2954,byc
966,lsm
1269,had
13709,mgb
5155,mxn
1925,jer
1977,jle
2389,ukw
5050,scg
4678,ztg
912,lot
20539,bho
165,hun
6234,nfu
99,lua
3794,mvp
3012,lef
631,tqo
5162,pud
3662,svs
3488,lit
4855,swi
3218,rao
91,pbs
20004,cco
6453,gec
11270,koe
2284,gvr
21124,pud
6375,apd
1119,rej
4046,kev
1530,jeb
4914,kxj
2368,enn
1024,cja
2711,bho
1774,yor
18701,zem
2101,xok
998,saq
4874,iba
4032,aly
2127,gpa
3793,bep
5073,nij
11402,kml
4220,gom
39,yua
4251,kdx
2705,aom
4949,hmj
1893,kwb
14611,nst
4149,yim
4261,vaj
417,ium
3498,kwi
4987,afe
12825,lec
3101,ppo
579,dob
2581,pip
3850,bhb
1680,ble
3025,mhi
3609,brr
1798,pbc
1066,heh
1983,yns
20011,gbo
199,goa
4316,yij
486,ixl
4709,tnk
299,tiy
11320,kzq
3210,src
1078,asa
22894,gng
459,for
5018,mjx
769,trp
162,kat
18626,yoy
3349,oru
13798,rwr
3125,lcp
1559,kel
4948,hea
812,tjg
2986,cto
2350,wgb
2661,jmi
17480,itd
2727,ztx
2980,cuk
749,cfm
6843,kpo
1637,gid
4164,kip
1811,alk
1735,irx
4634,lbx
479,los
517,bzf
179,see
2122,mlt
22446,pbm
3679,are
20041,ben
3196,gvc
13795,mve
15996,rmn
1287,hoo
2938,kyq
9,azz
20111,bvu
4900,bhb
3477,thz
4844,bwq
3763,kwo
3343,<unk>
1259,wad
38,mar
8750,chb
481,zsm
1767,hia
10584,hau
6330,sjp
1568,lol
798,zlm
3701,gww
4468,lml
4349,krw
3093,bcq
4359,bkc
842,anm
19467,kjp
260,sjm
51,som
18840,mro
4452,ron
4320,cjv
3490,iow
3912,mar
2551,ffm
18807,kex
6846,kpo
3843,sck
3531,bmm
15804,pua
4926,kwg
22858,bqg
2795,mgl
4881,lar
1323,log
783,gbo
1645,giz
1079,wbj
5088,bei
13793,dhd
4185,vaa
967,rag
2777,aix
3627,kkk
4238,set
2685,nmm
3642,mvo
1456,mym
4516,ykg
2480,cky
6387,mie
1740,gux
1796,tzh
4425,zhi
3156,stp
2216,klx
3224,emp
3269,alx
23295,nqy
2416,aai
4283,les
3390,abh
3066,rif
1197,awu
5094,zlm
11330,lew
3629,kji
3479,yre
3371,uig
1761,nza
14988,noe
5008,khz
668,kas
991,sea
1818,ktv
703,bug
1179,pce
7898,bfr
3058,spp
6271,ndu
1901,crq
4263,dry
10330,grv
3664,sky
3979,vah
497,bek
2205,isi
3529,tkg
4156,azd
647,mwi
4000,xuu
56,tpl
3335,wbk
3198,guo
365,khm
15951,raw
19063,ikx
10996,itv
2429,bfz
2200,ndd
2556,byj
4858,cat
3312,<unk>
2186,kud
547,kqb
16238,ssb
1842,Zambia
603,<unk>
3053,abt
1353,bnx
4455,fij
3953,pot
4856,kor
2118,pay
2932,mpg
18955,bjx
17738,bag
1716,dga
758,cje
11620,jkp
5004,rmn
1695,ems
6166,hnj
19386,maa
4599,snc
4659,slu
3493,nwb
363,war
17813,tuz
349,kmr
1848,sna
1531,arl
411,mla
22864,vaj
4742,mam
7929,kmr
2411,hoj
2412,taj
869,dis
7547,bab
10461,wle
1640,tui
585,<unk>
17620,ttk
651,kwf
3849,blm
22363,nxq
2000,tao
1067,rui
455,aso
2630,mgo
5084,sdq
4374,xtn
13823,mho
18991,csa
2513,dip
554,leu
3978,gok
707,mzq
4892,cli
3930,bon
4138,xkl
765,jra
4345,klb
3188,ksp
6848,kpo
11829,xkl
16771,siy
4972,lic
4146,yuf
8630,ram
34,run
2085,sir
3038,kal
3406,gau
6299,nku
978,mgr
1764,juk
257,plw
12291,kpq
964,luo
972,nun
2583,cfg
6681,adi
2922,tik
2181,gvs
20015,jkr
1599,gbo
3775,pia
2004,hau
131,tur
2527,bcg
3228,tuo
4363,yam
2755,fan
3133,cta
3524,tkp
2800,beh
5147,twu
434,vls
4278,iba
1754,nza
6020,nnu
16942,sun
225,sba
10038,grt
2137,iry
5003,oro
2717,nbc
54,tsz
6488,kil
679,unr
2893,zar
1211,kbj
18145,wms
5111,gil
13847,mcf
2955,iki
16094,rgu
1205,brp
4557,spa
20046,pbo
4350,cld
2865,ngz
3404,nri
27293,zcd
7410,ayb
1924,diz
4923,nmc
3139,gya
163,gil
2409,adl
449,bef
457,gah
4409,alh
12879,ldg
4226,ybh
4338,bdu
4043,tmd
3875,aad
2973,mxv
2378,aaa
14301,mrp
4525,jwi
3655,ora
2692,new
3166,bul
1304,soe
2894,cux
1363,bww
1584,dez
4199,zpq
4745,ixl
2941,yay
3590,roo
4150,sle
2879,fal
1367,luj
800,lew
2014,tbo
677,lep
20048,onp
16613,sdp
4190,mnx
1152,kkh
6101,hni
1674,mfv
18086,wwa
301,akl
13796,mve
1286,hoo
852,pnb
3865,tcy
2577,sek
1464,ksd
1311,zne
15955,raw
4121,jav
1980,kdu
3753,dia
857,pst
4813,eng
509,sbc
3236,boq
4427,dgh
1611,loz
1467,lih
23742,<unk>
3713,rmb
3206,ess
2027,kad
4145,ute
4165,kra
1886,srr
2360,dop
33,sgc
1246,bnv
4373,mjc
3722,wbp
281,msk
287,ibg
6243,hea
4386,sne
3951,mez
8423,bug
1843,Zambia
17221,rif
3483,gcf
4437,bgj
5034,xem
1350,tap
7086,arz
13036,lhl
6292,das
3411,cbv
478,tlx
1455,hae
122,gwi
1097,cgg
18,coc
81,zul
2744,dhv
464,tbg
21135,xdy
4054,pko
7721,bgf
3795,zom
545,sui
3612,alu
1222,kiw
4492,pbn
3781,mwp
13875,vmp
728,rog
2053,mzm
8185,bzi
3628,lgr
4654,mnb
6356,blo
15836,qwa
2846,clk
3289,tuf
5086,xdy
2684,dyi
6369,zab
2783,sif
17615,tlp
8068,bho
22390,hin
350,mcr
3067,kao
3588,pex
16645,shg
604,mgu
2485,bau
442,okv
15240,oia
13383,mkb
3733,bfo
2756,pug
6339,suv
2519,wbr
1971,dot
2570,kce
11211,kga
3571,mki
3368,ron
4268,drg
1002,mnx
4585,<unk>
2301,btt
3383,kak
5104,mkn
2427,mjl
4591,snw
327,fuc
648,tlr
138,gbr
3161,aiw
4956,emk
17557,lbw
5145,hlt
112,aii
1267,ktf
20141,spa
5078,kha
1839,wap
2447,npl
4864,yuy
564,hui
14569,njb
3164,fra
5102,gdn
2971,mde
6390,akw
8137,bix
4006,sir
1996,trv
13535,mup
308,njm
20026,cas
558,bbv
3396,sgh
1659,sao
8771,cfm
20030,gbm
664,bft
18554,ycl
723,bhd
4499,sax
2571,kkd
4744,poh
13389,tdx
3478,moa
954,lro
11638,kvu
4671,iii
17992,uzn
4756,gwn
49,rus
2926,gou
2326,obo
1991,dru
3056,spp
914,lkr
3918,kmb
432,meu
6498,xtn
2241,bfy
3821,bex
2724,cuc
4619,uhn
2698,gxx
4209,dhw
3162,cat
6136,zln
2939,zag
318,cho
3777,ong
17190,tan
1756,tiv
18066,wbm
6336,ium
1430,jnj
3887,wbr
1678,puu
4089,umu
1679,nzb
2564,hoe
2400,urh
2148,xsb
6144,yah
4269,txa
5002,wut
4445,nof
3691,mep
2681,tzo
1174,bkl
3352,tcf
21143,grt
6083,yiu
3992,nbq
3407,ory
4890,lar
6124,sck
4020,aoe
5157,jax
8894,nhd
4628,duq
6100,wmw
3108,saa
2088,xav
3003,snc
4262,ida
767,mng
19452,maa
1272,had
5061,xem
1296,mxh
6309,bqa
3256,rki
4414,nid
15141,nuf
1385,kpl
6161,bca
9959,fwe
3856,ort
4999,bmd
1274,bod
3891,tth
6398,pcm
1453,bcq
1851,eja
18445,jmd
926,kib
7464,azb
4652,aaz
2211,eus
19397,cnb
3330,sdg
3244,gvf
655,syl
4339,pfe
6066,khg
678,sip
4432,xed
866,kha
105,alz
9193,dcc
2392,ijc
3109,sys
815,xkl
512,ong
12275,okh
4819,mxp
11533,xkt
1529,zmq
2321,xri
4790,dai
921,dib
2116,mam
11639,kvy
3809,ppm
11010,iti
688,mad
18923,bmm
3314,kfx
6311,tiq
6143,cmn
129,gux
3496,cbd
4490,llp
2994,acd
2032,yes
3511,tma
1555,tii
721,krw
2721,zpq
1184,<unk>
1696,ese
6250,nuf
22300,bee
11095,jna
859,tzh
20881,mau
533,yon
514,aog
458,snp
4228,sna
4230,cns
2950,nzy
519,aau
5039,twe
20900,lis
6155,nfr
4094,tdg
890,scl
11617,ghk
1460,aar
2021,oyb
2001,dot
12929,liq
19474,hin
6388,tpx
21150,<unk>
529,ahk
19360,ywl
12958,lia
20144,lhi
1431,gax
1541,cbt
1748,kus
6334,bwx
810,mog
949,jle
4541,gby
1615,boa
4808,zab
409,bsy
4829,vmx
1862,loh
2996,ade
3221,mrd
6460,krn
21237,tnn
20008,kcg
16892,sbu
4270,jnl
109,ems
279,sgd
3361,ifa
7884,bge
4572,tvk
4657,jmd
4880,asr
4916,mpg
46,ote
15621,phk
942,dib
3288,yra
4071,muv
4973,lic
17746,tpq
3559,kxp
3507,pcj
1377,mdj
4260,xuu
4172,bhj
14485,nao
334,blk
1639,mua
1127,wsa
2303,afe
21132,lnd
1721,bfo
5022,kiw
264,ilp
3267,oma
1524,kee
4282,kyz
2346,dgz
1148,aeu
4084,kff
4460,fij
3766,wrs
2006,jab
5059,zlm
16438,skx
4627,sya
3836,hei
7398,awe
11183,dyo
67,zav
6107,kmc
753,cfm
5044,byd
9994,gbi
3877,stf
6449,bsq
10279,gol
3279,auk
5107,wmo
302,mrw
14094,xmf
4446,sol
193,ivv
3377,kaz
22701,swh
541,knv
1512,ums
1121,kin
1708,ble
2008,tte
6281,ium
823,mnb
3933,kkc
1502,asc
4419,rmz
3633,ghn
330,kpm
892,iru
8898,cgk
4772,ukw
4111,asc
2969,jic
1416,bku
11932,ksu
1123,wkd
21,nld
638,gdr
2534,izr
15461,psn
7828,bst
4666,mrn
739,srb
4388,tww
4888,kqk
13358,vmw
12704,lkn
2222,noe
5127,cmn
1198,wod
3380,wbl
4588,job
732,tmn
13330,mai
1766,gdf
1676,brg
20778,bon
2703,aez
3792,byd
10008,gof
3026,saq
1709,soo
4681,hus
2169,sew
15479,phr
22607,dgc
3677,lht
3231,tdh
2236,yaw
855,bgn
6360,tke
932,avu
4872,xdy
3937,khs
3822,aim
5103,bmk
6279,lic
366,nan
11294,zkn
1880,csk
1252,gop
2671,abi
19454,mxy
357,doa
4474,lmu
1942,aqg
4335,mro
2566,scw
1704,bjg
10007,dwr
2323,xri
536,ggw
3955,dhn
4543,bqv
6496,nmz
15900,quw
12347,bmf
13379,lva
3675,vrs
171,jit
6392,bof
3128,esk
2263,kdh
4252,kmy
11209,kga
2737,tzo
3302,unr
2005,jab
592,nzm
2138,ibl
2881,vut
21240,grt
454,mpx
4152,soi
2748,blo
4197,tce
1922,bys
1413,mmz
4530,sfw
4594,khz
4551,sxn
9642,ert
3263,ben
6420,amr
3137,ngu
4025,cak
2645,dwa
3990,tml
3102,fvr
3437,lgt
3697,gcd
14640,nhi
4779,mks
2482,pai
1100,swk
18600,yno
7099,acw
1080,uhn
16589,shn
4747,moi
11332,lew
4753,gbo
15365,otx
687,mrg
16762,srx
1593,shc
4783,cak
1670,hix
1013,kdt
4736,ayt
3595,uis
1730,ayz
1454,gaz
101,nod
6431,mim
613,knv
12343,krv
2891,cso
3977,kff
2336,krh
4297,dny
2622,nza
4728,akp
2150,pab
1072,vun
2799,ddn
10397,guj
18962,bpx
3820,bfa
1816,tth
15427,pcf
2337,arw
3623,gmb
2407,bwi
16184,ssy
2733,miy
747,hin
4962,bav
18289,wwo
12875,enl
8722,che
20003,tpx
3296,zpc
3895,nlx
107,tfn
9406,doz
2293,kqf
1170,srl
3998,yey
2528,fuf
3852,gju
15325,orc
4789,mcn
3178,arh
2136,ige
6061,uuu
6240,hsn
2586,sym
6377,mgd
1188,skv
2191,bkv
3365,acq
2383,ogc
2554,aba
4943,sjo
1324,arz
17734,khc
13062,lom
6177,rnl
6349,nos
5161,mhl
1650,snq
13954,mym
2117,poc
2874,bkw
1731,wad
16278,xsn
4132,beu
467,<unk>
2393,ijc
2589,gya
348,isl
6138,ium
2621,yam
9409,tds
568,mwc
4641,knl
3823,pmx
2641,tzo
5136,cfm
4450,mmg
3167,ktv
201,cfm
1536,qub
6077,ysp
674,adi
31,kek
574,xkl
2626,mhk
2423,kfx
4236,akc
3602,bvd
2857,koh
6225,zng
17266,tyz
1192,grs
118,udu
6185,mww
3350,sts
6220,kdz
5010,fuq
786,krn
21127,<unk>
18296,mtp
4334,haj
14200,twm
913,toq
11305,gel
1040,soz
2726,zab
2229,apn
4295,kqj
18191,wbf
3938,nxr
2240,app
4217,new
19470,nia
1624,set
3604,baa
3424,plc
1632,gxx
4298,eng
2121,myw
2560,snk
1537,qwh
8539,mya
3089,kie
4155,anm
6290,moz
936,anu
390,lgr
382,urt
718,aoz
1626,set
52,spa
903,bvi
4391,soq
735,kpm
5160,wod
2610,bnm
300,bkd
16092,llg
3668,agw
5017,mjt
173,azb
1628,smt
3810,twe
3487,ssb
5023,kiw
3421,one
960,bxk
22280,tob
4667,ont
4787,xkb
10065,gwd
2155,tbo
1182,kjt
3227,raa
1825,tto
18755,bgc
18126,wlw
2217,mvn
3154,auy
3611,mnm
4426,fuh
8062,bhb
1782,mrt
2644,lnu
4277,djo
1969,wja
3400,sgy
3098,tuq
803,tdn
4941,lic
5115,npi
40,maz
3268,gle
6338,zgb
3712,tcs
3522,jup
909,myb
3264,age
3199,cod
3064,aao
2918,maj
5005,geb
4123,tes
3747,sso
3583,ksd
3549,bgq
3963,agl
1623,hmt
1578,tti
22283,bee
947,bfa
223,kml
492,hnj
116,ktu
444,abt
4441,ttq
2746,pri
905,apd
2789,mye
6191,pcc
895,njh
11619,kxf
3994,shg
15422,pll
2899,bre
336,apw
3671,apb
4944,sat
1006,bmb
2870,beq
6335,ium
2352,mti
774,lmn
10208,ghr
2484,kab
6091,nan
27,hop
5171,cek
2428,bfz
1497,liz
4201,dhi
1882,eja
2655,tdo
3443,amm
2020,oyb
3613,dor
3927,knv
1226,wbb
1219,kcv
2599,bri
1070,jmc
1461,pid
1745,etu
907,mfz
3833,hup
324,prf
2683,gud
4232,aqm
2884,dbq
4938,nos
4096,npi
4487,nmb
17207,tpj
1641,kia
904,nus
6468,bwq
5165,blb
6182,tik
6328,yba
2391,its
304,ekg
1141,tft
2850,mfh
8038,bhb
2338,eme
8063,wbr
4018,lgr
4416,muz
20099,mqj
675,dzo
4823,hur
3388,apc
4848,sep
2486,kwl
1614,dee
4732,mbu
16192,sjb
4519,hau
652,rro
1543,yaf
22367,ysn
4066,yax
1965,gyz
2252,dgi
1841,leh
4978,zyb
3561,kls
3808,kvw
1479,ler
3667,ntu
3861,kff
3222,eng
3879,ywa
4322,twh
21145,mau
2013,tpa
7543,bqh
10517,hgw
2384,ikw
1548,bws
2478,gek
3442,apz
3151,wti
1888,ndi
13328,mai
906,apd
5150,swp
1808,lbo
15790,pum
3410,ory
5075,xdy
6179,wbq
593,asm
3952,ono
1974,acz
4649,lbw
6379,bfa
1955,huc
20548,mve
2077,tvd
3827,bgz
4173,rjs
2778,mwg
22377,khj
18798,gvr
2349,pwg
2243,bzy
6494,por
1064,sbk
3270,kms
6891,all
2231,kpj
436,big
4780,hid
4384,tcf
2989,mds
15945,rau
6288,acm
3666,agw
2934,mpg
4221,kan
1130,lug
354,nyk
17302,ebo
3475,sme
3913,gom
13797,swv
9350,dos
212,qui
2016,pkt
4661,mtg
806,bhq
3049,fai
1218,ppo
2487,kwl
5025,kiw
15164,nnj
1202,yva
1612,kss
716,wlo
6438,ite
4764,tat
18858,pgg
6164,blr
7070,apu
1290,<unk>
1156,nuj
1000,bps
139,lvs
2537,grh
4258,wme
3565,mve
922,kcr
4799,mxs
4897,tdb
6451,bsq
1295,les
23777,ktz
20049,ptu
4915,kxj
16556,srr
4913,glj
2049,kks
827,lti
893,bhb
6063,yue
2417,onj
1370,nga
1181,pse
759,tcz
13100,kcc
6366,zac
4798,qum
6248,giw
19188,ocu
4210,kfd
5400,tnv
2096,buj
6818,tsr
15137,npb
3570,skr
21126,<unk>
19502,<unk>
261,tbk
6499,las
15078,nni
6062,yiu
776,lir
17747,tkd
1690,trn
1688,cyb
3171,glg
204,tir
6029,dre
384,dtp
3818,wca
2198,bde
4626,otd
23809,bnj
3449,syb
4578,vra
3760,gnu
4935,tdg
3283,bey
3866,var
4076,pcg
1753,ybl
2080,bnj
4463,ahb
19164,nfd
4443,bnp
572,ttw
3051,opm
2791,kol
643,mek
3542,kfu
2977,zpl
822,dmr
6385,zns
6064,yue
6397,mdu
6014,cme
801,tom
4653,aoz
2687,ggu
20739,zlm
4604,lun
4259,ybi
22410,afb
1264,bnx
3084,aln
985,teo
5105,dmw
4933,dre
748,pko
520,svb
4241,mgp
1579,<unk>
166,cjk
3429,bpw
2388,ogo
3425,aif
3484,acf
2387,ogb
3544,knc
1744,bky
16099,rdb
6180,tvt
5185,eng
2966,mne
2813,xed
2029,khj
819,xbr
3537,njb
3213,hoc
9245,dwu
694,bhp
6072,khg
2751,guw
9495,dzl
4440,zpv
5098,dgz
2062,ngi
4749,mbv
4655,lex
1310,tso
2805,wib
19120,mat
1779,hbb
1173,aon
6758,dyg
2015,swp
6223,mvf
2134,idu
50,sag
351,smn
4548,bxg
501,kqi
6053,ium
2462,bfz
3916,nkb
22743,ddn
3319,xvi
1956,kwn
3297,pis
258,agn
4942,hni
2502,aom
1701,mfv
18699,zay
2185,dva
4715,klv
1780,hwo
4485,nwi
20043,ben
13301,mmm
4965,bfj
21133,<unk>
2958,fub
1221,<unk>
3923,kmj
4847,bxl
2237,eze
2752,llc
3858,unx
13054,loa
1154,lcp
4954,ndv
4758,lmp
3393,gju
10283,gol
27315,cvn
5080,bjn
1741,<unk>
3255,usi
782,grv
5113,ccl
1327,<unk>
16588,shn
5055,xem
2585,yot
6422,mua
1954,nhr
2771,sos
2982,lln
3170,cat
4711,tnp
2615,dua
2933,mpg
19059,hue
4133,txq
13426,xmm
16338,skr
4171,raf
22365,bca
10949,iru
2332,hns
236,lea
2961,bcs
20414,lsh
3741,kih
4579,nnd
528,tlf
18663,zkr
2107,tiv
3638,lgu
1199,<unk>
2213,viv
2227,pes
3575,mup
6158,ggb
239,cfm
2258,gjn
2202,ish
20187,zaz
4908,tpp
2843,nbe
4746,mbu
3632,nuq
5042,knl
2281,asu
4639,iba
780,xnr
6122,ium
8901,cog
12530,knk
332,ngl
1150,cnk
159,ssw
4068,xtm
1895,bta
1157,jav
164,fub
17210,tcu
2931,agd
2355,mkl
1622,neb
3106,mfi
5096,gnm
2072,kad
3190,kgj
2168,dob
20009,kdp
3252,yss
5062,scg
1137,kge
2993,huf
18011,vah
1422,lna
9755,fli
4859,arg
2762,mit
2949,ibm
2600,bfd
1533,ktu
3124,lcp
5166,whg
3710,nyh
4996,knf
24981,cul
14,ctu
6405,zpj
2048,jku
1036,tcc
3489,moe
640,zia
1787,gqa
14797,ndx
619,xac
4069,kpb
2510,bau
2164,dob
6426,cdm
17053,tyr
1542,won
2629,bbk
5041,zlm
1309,kel
9383,rmt
901,nma
2273,jid
6210,emn
1588,cbi
862,tzh
3373,jat
2765,tbz
4467,aul
437,hot
4491,nwi
13703,vmh
8542,bzu
4040,ppq
2505,tvd
2820,mhc
2838,ifm
1981,liu
11837,xkl
310,tan
2282,gub
5015,mni
2314,skn
11448,jmr
4177,ktm
649,llu
4569,wuv
27321,mie
1726,ner
3846,bex
3226,tav
4697,evn
2444,kfk
4513,fuh
576,kbm
3469,knj
5100,nij
2946,agb
11186,csk
2090,wji
4998,jad
4407,bmu
6160,pmi
2081,twb
3657,piv
2632,ndb
5093,ben
428,<unk>
20073,mrg
21225,dzg
2182,yml
1718,dya
4801,bgc
23910,hut
2208,oso
2045,kcg
3567,odk
5032,nij
589,van
1527,sng
518,ykm
6941,amk
1447,mri
3995,kck
21224,mim
2773,mam
465,ssx
484,kit
1814,alk
4465,tvk
1763,jbu
3338,glh
4867,hak
6459,krn
4748,bsp
43,mig
5079,iba
4007,akh
2743,iai
20034,vmc
147,bci
2063,uth
4757,baw
2972,mbz
6196,tob
2335,pau
1185,mgk
1225,tzm
1881,krx
1143,seh
145,tll
5090,nij
3788,twf
3392,bgw
844,hnd
1116,sos
15965,rej
6050,ium
3009,kmh
5016,unr
5153,ljp
20053,xub
4689,ljp
3310,ano
6324,lnu
4968,quc
6486,lis
4276,djo
3798,law
4845,tuz
2745,nen
4853,how
9228,dhg
2669,ati
1329,nyg
3698,gni
1970,zaz
8892,cax
22508,ben
2175,bdd
1697,tna
22524,wci
1878,ynq
232,itv
3942,tla
12469,kfy
16089,row
3693,guf
6304,pnq
16306,san
2638,pqa
3100,ckb
4614,bkx
22445,maa
3908,kep
1047,coh
80,kik
3986,cro
22304,kdh
3513,kia
933,hay
720,nil
5082,scg
4143,byx
2853,gnd
1378,bww
4267,dbj
4693,mqj
6326,nbp
788,pcb
1491,dna
938,bdh
4218,ida
10597,hac
6133,zzj
1747,kfz
2381,oks
2481,nqt
4911,tng
8045,bhb
6174,hmr
3650,ntu
2699,kzc
695,gbi
14357,moz
1405,lse
156,tar
1232,tig
3765,smf
475,faa
3505,hau
2084,rol
6208,mua
2897,mie
3615,far
7187,aap
2757,ncj
2515,lif
23422,jog
4613,kem
6359,twx
3848,nwm
2627,ngn
3564,bcc
6213,bse
944,jum
820,hvn
6036,kmc
4380,bod
15841,qws
4300,hto
2043,dbb
3601,bvd
4507,ckh
3672,tva
2463,anc
4353,yom
4324,ncm
4794,tdd
6350,hms
21220,<unk>
1566,skt
4092,lhm
10510,hdy
2902,hna
7657,jaa
78,shp
2374,orx
4127,sau
4647,ums
13260,mme
3304,lki
2270,vag
8059,bhb
4624,pku
3608,blb
997,myx
764,cmo
12477,xks
12855,mui
3726,wmt
1693,mzp
15865,qvm
169,grt
1060,niq
965,xog
17453,ola
3311,boa
10325,goz
2983,mmy
6109,zgb
2112,haa
10956,srl
13874,mzi
12232,gom
3738,khr
3448,cui
3313,kfx
8810,chq
6058,kzr
4182,mks
3759,fqs
925,kgo
1017,bru
973,adh
4371,sru
19060,hve
2764,ntm
4233,awu
16014,rmc
3272,mtf
1966,grd
1987,kib
12146,nit
3919,kua
2808,wci
4484,mxe
982,raw
13326,mai
8751,pei
378,aoj
4342,dow
3988,ats
2998,ghs
1277,kny
2591,mzk
1351,nnb
4129,nbn
3881,nnm
4328,ags
1936,xsn
15555,lae
203,win
1729,ihp
17111,tlr
1957,ghl
2119,myw
6427,anc
1172,min
3111,mxu
1875,cag
1057,haq
3050,mpt
1739,gux
883,ctt
3369,isk
6320,cfg
1698,cap
8709,cna
96,jpn
4955,mzj
3552,ssi
13436,zlm
217,spo
2204,isi
6443,xtm
4673,jwi
1994,pyu
1643,ksp
4482,nkk
3260,kis
2146,krj
2539,etx
1734,agf
17860,tyv
16696,tty
2847,mcq
2674,any
344,nup
77,suk
976,ymb
12552,kfh
4733,kow
17429,thf
11501,bjj
13323,mai
4606,mbj
2798,nqg
3121,phq
3959,pxm
17175,tpu
313,kmq
3745,rwa
1820,nka
82,poi
1692,cas
17903,ugo
1033,dug
10796,ife
3605,tqu
6045,ncl
18458,rki
13792,dhd
6284,pnu
724,sgj
4042,taw
3401,mxy
19022,fay
714,mer
6286,zgb
6232,mgg
5132,snl
2806,bfo
1525,won
10500,gwn
44,mos
7092,afb
837,vap
4306,hif
15063,bud
3853,ady
3047,slv
2927,vem
130,ndc
314,rad
2500,dgx
23757,zpj
1876,ifa
3751,yis
1927,rgs
3036,dig
23,fra
4214,pcl
2274,izz
2649,has
9096,dms
2862,yom
2503,<unk>
155,tem
1819,kdt
4080,mar
4148,lmk
15477,pan
1262,nyj
1755,nza
872,jns
733,abs
137,mcn
216,tix
596,lus
1337,tbt
6236,mfk
1253,akc
7873,btu
3883,biz
1689,cax
12922,lhp
18121,wbl
4676,vmz
3099,djc
9763,fan
1824,kdt
16736,sbn
414,bwe
4930,kwv
93,tsc
1706,szg
6121,ium
6172,mjw
14384,mnb
1018,kdt
1241,<unk>
4936,iii
3502,xkv
9916,fub
4919,ade
2719,mco
3767,yll
6059,bwx
1328,les
2278,new
1054,isn
3755,agg
2896,mio
1235,abt
696,tnt
6114,lic
4831,kmc
1742,bbp
1280,ndp
1191,yki
3459,djk
986,xbi
6102,hni
5181,mhx
4105,wgi
644,kwj
1828,oyb
4216,esu
6662,guq
1873,wlv
597,ben
4361,xmg
20013,hne
1125,<unk>
20021,<unk>
5106,gmb
804,lnd
12048,kiu
594,mni
6276,cmn
3021,tga
4842,mos
2342,mzr
4985,ndd
6418,ikw
2311,mmn
2324,tgo
4144,apw
1373,nxd
12066,kjd
2636,szv
3931,etr
12120,trp
1421,msj
17,chf
2878,fll
405,srn
4983,yix
2832,boh
2461,bfz
3530,plt
6055,ium
6365,mks
1823,kdt
4404,nii
1935,ttr
2051,nbh
2634,tgd
3621,nlg
5085,xdy
4894,nnu
549,pwa
3915,mar
10661,mww
22731,kvx
5031,azj
4206,xuj
15183,nyw
6095,bwx
1923,crt
289,bpr
6147,guw
6361,ury
400,cnh
3187,cul
6157,sus
5069,mhz
5035,byd
200,bla
12856,liw
3273,bit
3348,gwt
1297,tlj
6139,ium
1619,nwb
2886,nja
3131,awn
2930,bcw
1307,soe
4646,klw
3179,snn
785,grv
6898,alt
1289,xmt
16838,snk
3339,bru
971,irk
20014,thq
918,nyi
4102,suz
4436,bas
2670,dtb
8053,bhb
1550,boh
4394,psa
4875,mtd
4917,ndm
1562,kws
4003,ctz
1362,bww
1919,zem
3239,bsn
4242,xsr
364,ibo
726,nij
1284,<unk>
3993,shg
8541,mya
4636,knx
3997,sbs
4012,anj
18698,zay
6483,khg
1647,pmy
451,gaf
4824,lbk
9203,mhu
3043,ses
3463,meh
408,mvv
943,mgd
407,poh
1299,led
1476,tbj
142,fin
6048,mww
4243,kru
504,nxr
2713,cdi
270,mdh
3527,mfe
2362,gcr
19128,mhp
729,crw
843,pbt
6089,pcc
415,blk
8036,bhb
2235,mmh
20434,udg
331,lue
772,iba
5077,scg
1025,tum
1016,pga
15233,pse
3182,snp
887,hra
1315,msg
1026,ngt
3316,sto
4055,mpn
3805,pmf
4088,crj
1050,thk
293,sml
4279,otd
6407,nhx
20033,sbe
2167,bdd
13026,lbm
11764,kei
20010,kad
360,twi
7174,atq
4212,hoy
4399,lmx
3086,mpe
2904,mdd
15395,pbb
2758,ctl
3379,prs
13983,mlw
11715,kbb
2158,ifa
16582,shm
3013,naw
1988,ilk
6096,ium
1723,pru
14043,mtr
4694,wuu
3444,aca
2956,bva
1835,sus
2473,arq
1495,bjo
845,brh
1573,loq
3581,hla
15478,pan
470,sbh
3533,xmw
8357,bra
5702,bob
2792,lmg
1656,dbn
2341,bqc
17201,nwi
359,plt
26047,mih
113,cdo
4389,rao
1283,lub
20038,kkn
2424,bfu
2861,nda
2788,pic
1941,plg
3762,kbv
902,lbj
12445,vkl
12026,cik
805,sly
26990,xta
2908,roh
4741,kfi
565,lhi
4310,gue
374,tzj
1037,nyf
4225,the
3031,ebu
2809,wwa
4244,bap
3897,ahr
3120,lbn
5048,nij
1821,mck
2656,bcv
4918,ncu
1449,lub
935,tic
1031,orz
2421,bfz
10469,mvz
3202,bar
10790,viv
1749,ndr
2555,adj
6106,mlm
2069,mda
4931,tmc
2212,qun
25373,jmx
1294,srb
4250,mzm
1360,nnb
3301,arb
2404,lcp
369,poc
21130,<unk>
1255,<unk>
1648,pbb
3299,glk
141,agr
16266,stj
20007,mfv
2369,anw
5133,pwm
1442,gmv
6457,grj
4011,ena
1854,bda
246,maw
14466,muy
1245,kdy
6238,cmn
1671,pov
19254,spt
9368,uya
2532,yal
6115,ium
507,mnp
3419,pqm
5148,sua
14748,nxa
3606,mpr
3987,fla
3337,bsh
2113,ttm
3831,poo
6417,iyx
4675,maa
1866,bjt
19383,mco
2716,pgg
6025,kbp
4934,bmj
3282,abt
18324,wol
3630,kwd
3968,ott
6130,zgb
19396,srp
6374,lwo
8374,bkk
4580,crc
6235,mij
2115,jer
2255,ncu
2306,bgi
2747,vum
876,nsm
2523,new
6272,mea
3300,mzn
4370,acn
3944,cle
4203,rji
2828,zpg
391,gga
2729,loy
4940,iii
3414,kfc
7859,btm
2759,cnt
4057,asb
6094,ium
6007,knz
4181,sdh
931,nyf
6212,ckx
10377,gnw
1058,nyy
3353,prc
5118,tqo
3141,ute
3960,ztp
3434,wnp
1917,dbd
1499,ygr
2856,tsa
2609,bsi
12642,kgy
9856,fod
11335,lew
3020,coh
16742,snd
3076,myk
6423,maf
3614,nke
4752,bcg
861,anm
4169,kic
4695,eng
20418,lpn
6253,<unk>
1433,auc
22401,kdh
4737,puo
1621,lom
970,bez
85,lhu
669,dgo
8442,tkb
1012,nir
981,sad
6152,gol
1486,ata
20157,new
2937,wnc
267,mbi
2706,mcq
6028,ngu
2575,ruy
3806,kvd
5029,mni
681,mjw
6012,lig
2179,mwa
10520,hgm
5126,tji
4323,eng
1438,drs
4553,knx
12614,knp
15143,cbn
4293,ton
3863,ahr
1402,lmi
14787,nbb
12258,ozm
1249,klq
505,kxz
15509,guj
2895,cpa
1534,cbu
425,tmy
21015,cqd
6165,mww
4466,akr
575,pne
2183,dob
276,xho
1790,fuh
2435,kpr
3618,msn
22884,eng
3520,cdi
19373,abs
21122,xkl
20054,pse
4489,nnd
3134,guk
3828,bgz
1806,ngt
1470,gfk
243,guc
286,wal
4817,zao
4688,bjn
8073,bhu
3845,bex
1482,twp
4115,bgv
15217,bzy
1046,ary
6016,dih
4239,nlk
4480,mxe
3088,kmo
1446,gax
395,kjb
2354,gdn
3941,var
2363,oym
1257,dsn
1270,sop
2052,cch
11569,klo
555,apr
4952,sav
2065,gel
19144,msh
4175,juo
621,bpu
1714,lob
45,nav
2076,tvd
2333,tri
2682,avi
616,tsx
2365,epi
2678,kgj
11011,tis
23179,vor
4782,quc
4021,zpr
4584,nnb
6194,ycl
2406,pir
4536,mjt
2866,axk
2841,nmh
1135,urk
11198,jge
6228,ass
12683,lhu
15834,qxa
13184,lrm
2578,bam
3149,bwo
3103,mov
120,ale
1471,ppo
1940,tob
63,yaq
6239,cmn
12976,pse
527,<unk>
2875,ker
20029,gbm
3324,gvn
18678,zpp
2590,dir
4198,mks
6189,aec
1777,ckl
15896,qud
4211,kan
100,zmp
1441,oyd
3207,bqs
4984,nzy
4194,kru
5058,zlm
9519,eip
2223,pag
4106,kit
9101,dnj
2781,akt
12955,lma
2562,cfd
488,kjg
1498,nak
22437,muk
4134,tdt
14667,wmd
5063,xdy
7617,bgx
3966,lul
8663,cav
3186,ura
4372,zca
2868,fan
3744,elk
1151,gym
4702,kvf
1910,jei
3327,nut
3486,lkt
2965,mpg
15424,mui
466,foi
3501,pce
5040,knl
3366,bzd
659,huv
20016,mki
4434,bmv
333,nya
2317,dgc
2769,buw
1519,pem
1291,slz
8712,cdn
16291,sgr
4442,tlr
4412,sdo
6199,apc
9960,ttb
10036,grt
9952,fuf
20050,xkl
3947,gul
5020,sml
5071,slp
6119,ium
2880,mkw
1183,srl
10265,gig
2944,shu
15835,qxn
4375,zpl
1458,she
548,kue
206,pem
4852,mqh
6325,ldk
482,lis
4473,fut
1395,lse
2574,sde
2247,ibo
4433,bfm
6135,zyn
3091,nyf
2161,mbb
4420,rki
3457,kfc
6237,czh
3543,wbr
256,bya
8351,boo
4776,dta
22351,iba
5112,tnv
3932,aup
1035,lag
754,kfy
4957,srr
1580,hub
4861,pmq
1663,hux
22373,adx
20148,rus
534,aac
20059,fra
231,mus
4402,oku
7321,aot
4188,xuj
1408,sag
6313,dsq
22353,tjg
3017,bwq
3275,lsr
8766,cfm
6221,mvf
2936,gab
15,caa
2298,jma
1457,gaz
1815,lbo
22853,ncq
3771,wim
1906,awu
3830,tol
4811,blo
2166,bwf
3426,amt
1266,nix
2129,gwn
6040,xal
3417,ojb
6847,kpo
11098,jru
5143,lis
2145,rin
2289,prt
5176,cmr
4546,ibb
6314,jow
6381,diw
2295,tpa
3516,mpd
1450,mch
2573,kch
3462,bgd
4554,shg
4771,muo
19503,djo
4265,gnk
3506,xuj
18472,yao
3345,prn
4887,sxw
10351,gro
487,lbn
6086,<unk>
21215,<unk>
4777,krc
7754,brd
6307,ntm
4778,mxb
4196,mpm
133,ces
2408,cub
4960,yay
2071,vkn
4901,bhb
1117,laj
2606,baw
3223,afi
3060,bgw
19005,def
431,fij
6060,hmj
13528,mup
5122,mpj
1694,aro
2170,mzz
1552,nlo
1409,soc
3204,yui
471,lek
4792,jiu
2133,idu
8035,bhi
22852,sct
10245,kmp
2550,bze
1869,mey
4869,knx
20554,apc
3945,hrv
1715,sld
847,pbu
16743,snd
12140,kfb
170,box
396,wuu
3018,goa
2984,bid
1318,mdk
1603,cbs
2697,ney
6015,sen
3346,nli
2665,dot
4337,nhu
1979,teq
352,sna
3208,ado
2774,lum
6989,anr
3885,zne
6224,ycl
3813,bip
1399,mfc
4775,ysn
4975,bje
2535,nar
1943,kcq
4731,xtn
2310,plv
6099,hmd
14756,nxq
521,wed
18193,wbf
4540,mym
2299,dww
2003,gew
2518,wbr
3500,tdc
280,mbd
6303,sbd
6368,ktn
2056,bwr
151,swc
3180,amc
2264,dgi
20963,awb
12505,kup
627,niu
3984,dik
3504,dhm
11500,xns
6090,pcc
2997,scn
1992,hak
1341,kgb
13365,xsq
4168,srb
1654,sbg
35,ind
841,gjk
10296,esg
62,yor
6067,khg
3548,mdm
20012,ben
13427,max
4109,adn
22444,maa
1810,brb
4357,bzv
9344,djm
4556,sig
10362,gvj
1275,slx
4718,nrg
1238,mle
3085,cym
19074,ity
1038,ssn
20106,dwz
4114,bqr
2979,zph
288,igl
1586,qvo
2131,org
4387,tdj
7,ayr
4714,upv
2197,afe
284,kqe
2214,bwd
3620,tgs
4081,<unk>
5046,scg
832,bpy
4830,iii
4275,sxb
1802,tth
3659,rug
807,lje
13735,mrr
6042,xtm
2163,mox
1336,kgr
2356,deg
835,gbk
573,zbc
22109,jra
23213,nxk
4385,bfy
4630,lbx
702,mak
8774,cnh
2639,cfa
4632,xdy
10399,guj
1990,bnn
4899,biy
2637,etu
210,vai
2804,tgw
6008,kqm
4103,tkt
2114,dza
742,xdy
4317,snc
1596,dur
963,alj
115,ell
1653,cni
15216,bzy
2472,kbz
7391,awa
3340,ask
2877,fll
4910,kia
6342,tsj
3962,ncm
988,zak
12473,kfy
6176,cfm
3455,key
2688,the
1214,njs
6021,abr
18480,yap
6022,aug
6035,zyj
17802,tpr
14852,szb
2549,fra
5168,pdu
6074,blr
3065,nri
3095,sgw
4509,djr
4438,hig
916,loh
5013,lga
1594,gmm
2344,wed
1846,Zambia
3528,txy
3078,lok
1466,rai
186,nan
485,ttv
1883,dyo
180,gui
6190,hmz
13585,mdr
2454,tzh
4937,<unk>
553,mbq
493,lbq
1894,ver
3884,biz
55,tee
3674,vnk
416,pwo
1717,nnw
1661,ury
2543,pcn
1961,jgk
20051,kge
47,por
3193,pnz
241,cmn
1791,lla
4877,xem
3225,slk
18153,mfi
1361,nlj
1384,nbm
12619,xwg
3790,fue
1523,uhn
491,mww
945,lky
197,yak
4382,mim
2664,jbu
4271,npi
149,umb
6419,bej
3909,lmn
6370,mut
6440,kkj
6416,ncb
370,tbl
3641,mrn
730,kpm
4289,rue
1516,asy
412,mph
6150,ada
2677,chx
13336,mum
4922,sba
4805,zps
3678,aoi
22361,twh
1944,ryu
3402,zpd
2257,gaa
1776,bwr
2144,plc
8225,bdv
2611,mnf
20067,adi
984,ttj
18022,vas
4515,gaj
2367,kow
1517,dnw
11573,kza
2108,uta
3971,mxt
1724,bdw
14630,nhn
3847,gbn
1355,zmb
114,pow
3474,quv
2012,swp
4192,ort
3470,mam
1493,dnw
3254,mro
3016,bbo
3395,tra
3557,kvx
1265,sop
1905,sss
1608,gry
14567,nmo
5175,ksg
3006,shi
18141,wmb
72,ydd
6033,lic
6001,eng
3736,mar
11094,jnd
4762,mfd
12702,lkh
4354,naq
9861,frd
1926,hre
1605,grj
6098,afu
722,myl
3441,ace
13405,mlk
4990,tnr
3656,bxa
2628,taq
4286,dmg
846,jns
14834,new
6383,erh
875,kru
634,bpu
3829,yur
1564,ksv
1081,nij
6297,gry
1357,dna
6031,wni
372,iba
2558,jaf
6393,bzx
3976,pci
701,ebu
6817,aik
3495,trf
2135,agc
5033,nna
254,com
2618,dua
1011,tnm
4625,sya
1372,gox
1089,bou
19048,hca
511,buk
2141,mma
4658,frd
3428,yet
3159,dim
4891,bib
4346,rwr
17626,tsp
2206,iko
4352,ndz
5134,ifu
22291,ycl
20704,uig
5057,iba
20019,skr
8807,cih
12657,lbj
20045,zlm
73,bxg
2889,gis
1582,qvw
15066,bud
17617,top
1885,wol
27245,haj
3242,cao
3579,buo
123,tsi
1725,knd
11592,mdt
11559,kby
1595,gya
4110,aol
826,xkn
3144,nhe
16891,sbu
12143,kfb
10649,lic
1316,dgr
16545,set
4958,tab
17793,tug
1113,nyf
2403,kjp
4301,mrq
226,xpe
2860,mbm
2943,sbz
1419,led
290,bgs
4093,thl
6424,mey
22319,ium
2382,elm
9010,crn
1048,cni
6156,nku
937,guk
4947,mvf
2193,iko
2304,tdv
8220,bwq
809,sge
2456,mir
4488,tnl
4573,upv
8197,beu
1633,wob
672,bts
2007,tte
1598,quz
4672,ccp
21284,csh
3216,kbx
2173,bdd
4067,vmj
3731,nin
4235,bvz
3521,mai
329,yuf
1412,buu
8557,bsk
3107,maf
2287,alf
22738,nos
4130,weo
20742,zpq
16519,myk
1093,gom
851,pst
2964,umm
4961,bbw
2151,kbc
277,ceb
3423,ify
7358,auu
6294,acn
4600,bxr
1490,tgc
4256,btu
928,mgc
13737,mrr
5054,knl
211,gol
4285,dmg
6394,dde
4390,kru
406,nau
4870,knx
4986,uba
4665,cmn
3817,pad
3873,bye
1705,knf
924,bhw
2786,keb
3389,azb
2351,gnm
2604,krp
2126,ego
3382,lil
2942,yay
3077,kqs
19471,loe
2123,kij
2915,zac
2157,mbt
1308,chp
18774,clk
17415,thy
4464,omb
3975,zpo
4410,hul
4925,kwv
341,smo
495,lbu
1589,tsn
4502,bcc
11324,kzf
3355,blw
3422,tus
175,kac
22520,kmr
269,mta
12054,kss
3035,deu
18625,zom
6378,srb
760,trp
12409,kfg
4305,tvl
3452,kff
4807,nxq
1042,wbi
1847,Zambia
2883,mcs
3083,suq
1084,cab
3342,pls
4857,skq
1750,knc
17783,tnb
3607,bxa
1775,shu
325,ibl
17094,tak
3889,kex
3645,mte
4231,asc
2124,atk
4368,bwu
2780,bim
993,nyn
1003,kdt
11178,jiy
8789,cnw
3690,gia
19392,bfz
5101,ymk
3293,tnc
830,bho
2890,ctp
4486,nmk
6246,hml
7269,ahs
18281,kvw
18548,yeu
4850,fuh
2624,bfm
1914,tgy
6331,cmn
734,nia
2612,bdu
3409,ory
2100,gun
4290,ijc
1817,oyb
825,xkl
4921,crn
697,tet
3458,jam
1768,yor
3752,aau
3308,azb
3073,moy
3807,pse
3787,tew
11143,jya
929,bex
262,cyo
2563,dtm
5139,clt
4664,hea
13988,men
2810,gng
939,tic
741,xdy
2210,yaz
15799,puc
3142,pao
6283,ium
1142,bnv
1193,mfy
787,kdt
2785,pss
1707,bjg
15500,pak
3824,tow
1870,bil
1861,xtc
3646,mtt
494,dij
2203,mfo
794,blt
2882,bhs
4059,fub
6252,ium
14871,gng
148,ctd
6037,nan
1356,bww
725,mhy
660,kfq
19021,fak
6187,sfm
10593,hau
1095,nyd
3240,wog
23905,kwl
2749,kbp
345,sin
595,tsj
8978,cin
3492,gla
2279,bky
816,lbx
4205,kfi
1711,pht
20345,dwr
4547,pst
2542,cla
6027,soy
2826,mvg
3294,mxt
1354,nzk
18910,new
3217,khr
3063,cde
4050,vmc
556,kij
2474,cme
117,pol
4207,url
16206,slr
1234,kmn
1062,kuj
1248,mcc
3427,avt
3748,tmq
3262,aoe
4135,jaq
2885,knp
4280,snc
10906,int
4401,byv
12280,krf
15624,phl
4457,fij
731,ory
1076,kee
4670,nos
3815,jaa
10383,gdu
4073,muv
2835,bui
818,iba
4549,wss
3816,jaa
3055,ymb
3412,ory
2864,njx
2548,pcw
2530,knu
4008,age
911,dib
6429,acq
3786,bkr
2226,mrw
209,amu
3325,kky
2024,sss
1228,kcv
4766,aal
394,cac
8355,brh
667,gno
10638,hii
1101,koo
10561,hoj
17265,twy
5124,hak
2251,adi
2464,ank
6128,zlj
1201,mur
18809,kff
1212,ipo
1319,mdk
10257,giz
5170,nfa
4644,rir
13319,mai
9948,ula
1950,xuu
4529,tek
12951,kxx
1528,qvs
11675,ksn
2288,ybj
18338,wsi
3673,mpr
5036,byd
153,luo
20545,bla
751,uki
5177,jmn
4304,rtm
5083,bei
12027,kjo
2319,due
2587,bxq
2091,tbk
1758,brt
673,xsr
6205,add
22372,cmn
2999,gaj
4070,xub
2025,kpc
1140,hal
508,tdd
2659,glo
1023,xbi
1432,prx
2283,xer
4341,taj
622,gai
3958,czn
2152,guh
3364,acq
1507,rnd
3699,gup
4309,gnn
21219,emg
2728,mxq
934,dip
6323,bzy
3680,bcj
3954,azm
2187,lcp
12373,krr
468,akh
1195,akb
14130,mab
808,tdn
4561,dks
4470,bpa
2947,ksf
3871,akq
2067,cry
104,hmd
17109,tdf
4974,dyu
19249,skj
21128,xkl
8529,bxr
3624,agw
1784,hig
12041,kir
4545,ntj
4571,nwi
22469,pdu
1305,soe
7390,awa
7125,acm
1473,tbf
1789,fuq
1331,snm
2087,bkq
2271,wlx
18139,ola
1664,quy
16837,snk
5167,whg
4815,quc
14145,cmo
404,kyu
14849,szb
3929,beo
727,otd
2042,bol
2111,kkz
32,swc
2552,myk
7014,blo
11618,kvt
2074,res
3436,nce
3354,acq
181,fat
22848,ibg
18192,wbf
1877,fuc
3057,kyy
2034,bsf
6245,hrm
1830,mnk
6913,avd
4633,duw
8379,brv
21138,nms
12600,kwu
2178,gar
214,bsq
4637,scg
22933,zap
513,kcl
870,pbu
13840,mpq
18326,wol
2888,ewo
2653,rmo
10295,gno
27235,kbp
4405,eng
150,guj
6003,zdj
2420,bos
4456,fij
3619,gri
2445,bod
253,kha
19075,jda
2635,bwt
1627,ven
4562,tpm
6163,pcc
6051,ium
4120,jav
218,oka
1916,kuh
4459,wyy
12719,las
3837,agi
6226,hmd
6154,xwe
1236,abt
2869,ldi
1677,ble
427,kqa
15151,nmi
1239,kun
2995,kye
2028,kil
2159,tew
13359,xmc
4810,bqg
3541,gra
2524,npi
4023,cak
2742,aji
12962,lif
2371,kcf
27190,zas
3265,mkd
397,mwm
2479,kwl
2373,okx
1425,bcp
1868,bsc
1616,ggb
12571,kpb
1635,mug
6277,cmn
285,raw
3644,tlr
3868,bgd
6312,anf
2285,ukp
2822,mzl
14159,mfq
18674,zau
4383,xta
3163,cos
233,ifk
21211,emk
3039,rel
1561,lol
4797,mam
2536,yor
143,dip
5000,tel
4765,fub
1478,lcm
3033,fry
4429,hia
530,kdt
2901,mif
3535,dao
6295,acn
1029,rim
6092,mmd
1556,pui
3123,kdt
274,yka
6129,zlj
4928,kwv
1638,mua
4178,mbh
20722,xsu
2026,kad
11434,kli
5006,gai
22383,pnb
3896,dhn
2837,lup
836,ewe
2089,ter
3435,mmp
2238,eza
6073,yiu
1858,nto
6227,duu
2489,tal
15476,pan
3315,jun
2736,zas
2872,mil
4920,gab
2189,dil
3965,chk
6142,jio
3734,qus
15856,quz
3092,akh
6170,lus
4340,sgi
3576,mrr
3503,diu
3000,snc
3363,lae
1699,srq
4483,mxe
9753,fli
562,enq
1410,les
2305,afe
2325,ilo
6301,any
2529,ldm
15002,nps
7009,anp
2825,mto
2802,cou
4131,pne
22375,vie
1004,keo
10464,ior
1769,nup
1484,ktm
927,mor
18356,acn
6148,guw
4044,yea
752,pck
2921,bmi
16476,sbr
86,wbm
268,cbk
152,nso
1683,caz
856,lmn
3306,aee
15752,pca
2892,chd
4884,kyk
3996,hio
6231,jms
15412,pta
18735,zuy
13495,mlx
3451,bfw
3592,siw
11929,kht
3867,bgd
1829,kdt
283,daw
3661,agw
3298,hye
1014,jeh
3750,ykm
2962,etu
582,ubu
9069,dgd
14302,mrl
3779,kyc
4247,ute
4167,gom
3447,itr
1928,say
1071,mas
839,<unk>
6357,ijj
27706,nrf
4902,msm
11188,csk
3732,myy
4643,knl
4602,rmy
28153,tar
6274,uiv
4597,szb
6186,mww
4846,vig
48,quc
5076,otd
4085,tcy
4422,tbo
865,zar
3215,zrg
335,bcl
6310,dnj
4303,wyy
12770,lrl
90,pbt
6123,kap
10700,hru
3090,swh
11652,kxh
242,bhb
3082,nsa
4865,ybe
3669,mlu
2512,aez
1468,bjp
8486,bns
10339,gbo
18578,ydg
5703,dim
1911,mrz
2358,ann
2797,beh
799,heg
538,snc
1015,ifu
4927,kxj
2672,abu
1786,gde
83,shn
1306,soe
26178,kbp
1231,fqs
2842,nph
4140,kjd
421,cpx
3197,kaq
319,xsm
388,aty
2582,piy
6376,shj
14757,nyq
1581,iqu
2022,spu
2244,org
685,sck
3075,dsh
4727,ajg
1826,alk
6078,yiu
750,cfm
1021,mnz
3718,xgu
4451,sah
1008,nev
1912,moc
4204,unr
2651,nuk
11354,xkj
20178,ntm
6454,gbo
2103,iyo
14596,nst
3476,mop
3438,rhp
3882,skt
1107,ngl
2693,new
20146,eng
12876,enx
930,lwo
4524,enq
4997,mfg
2990,gum
1967,bqv
14639,nhv
3545,gdb
320,shr
1136,mwt
14355,min
4356,bec
3454,tbk
6241,cmn
2596,agq
881,pbv
17968,upv
11535,kni
11522,kft
